SMILES,label
BrCCBr,1
Brc1c(Br)c(Br)c(Oc2c(Br)c(Br)c(Br)c(Br)c2Br)c(Br)c1Br,0
Brc1cc(-c2ccc(Br)c(Br)c2Br)cc(Br)c1Br,1
Brc1cc(Br)c(-c2cc(Br)c(Br)cc2Br)cc1Br,1
Brc1cc(Oc2cc(Br)c(Br)c(Br)c2Br)c(Br)c(Br)c1Br,1
Brc1ccc(Oc2cc(Br)c(Br)cc2Br)c(Br)c1,1
C#CC1(O)CCC2C3CC=C4CC(=O)CCC4(C)C3CCC21C,1
C#CC1(O)CCC2C3CC=C4CC(=O)CCC4C3CCC21C,1
C#CC1(O)CCC2C3CC=C4CC(=O)CCC4C3CCC21CC,1
C#CC1(O)CCC2C3CCC4=CC(O)CCC4C3CCC21C,1
C#CC1(O)CCC2C3CCC4=CCCCC4C3CCC21C,1
C#CC1(O)CCC2C3CCC4=Cc5oncc5CC4(C)C3CCC21C,1
C#CC1(O)CCC2C3CCc4cc(O)ccc4C3CCC21C,1
C#CC1(O)CCC2C3CCc4cc(OC)ccc4C3CCC21C,1
C#CC1(OC(C)=O)CCC2C3CCC4=CC(OC(C)=O)CCC4C3CCC21C,1
C1CO1,1
C1COCCO1,1
C=C(C)C#N,1
C=C(C)C(=O)OCC,1
C=C(C)C(=O)OCC(C)C,1
C=C(C)C(=O)OCCCCCCCC(C)C,1
C=C(C)C(N)=O,1
C=C(CC)C(=O)c1ccc(OCC(=O)O)c(Cl)c1Cl,1
C=C(Cl)C#N,1
C=C(Cl)C=CC(O)CC(=C)CC1OC2C(C)C(OC(=O)CC3CC(OC(C)=O)CC4(CC(C)(O)CC(CC(=C)C(C)C(OC(C)=O)C(C)C(=O)CC5CC(OC)CC6(CC(O)CC(C=CCCCC7OC(O)(CC(O)C7C)C2O)O6)O5)O4)O3)C1O,1
C=C1C(=CC=C2CCCC3(C)C2CCC3C(C)CCCC(C)(C)O)CC(O)CC1O,1
C=C1C(=CC=C2CCCC3(C)C2CCC3C(C)CCCC(C)C)CC(O)CC1O,1
C=C1CC2CCC34CC5OC6C(O3)C3OC(CCC3OC6(O)C5O4)CC(=O)OC3C(CC4OC(CCC1O2)CC(C)C4=C)OC1CC2OC4(CC2OC1C3C)CC1OC2(CC(C)C3OC(C(O)CC(O)CO)CC3O2)CC(C)C1O4,1
C=C1CCC(O)CC1=CC=C1CCCC2(C)C1CCC2C(C)CCCC(C)C,1
C=CC#N,1
C=CC(=C)Cl,0
C=CC(=O)NCNC(=O)C=C,1
C=CC(=O)OC,1
C=CC(N)=O,1
C=CC1(C)OC(=O)N(c2cc(Cl)cc(Cl)c2)C1=O,1
C=CC1CN2CCC1CC2C(O)c1ccnc2ccc(OC)cc12,1
C=CC=O,1
C=CCC#N,1
C=CCC1(C(C)CCC)C(=O)NC(=O)NC1=O,1
C=CCC1(O)CCC2C3=C(C=CC21C)C1=C(CC3)CC(=O)CC1,0
C=CCN1CCC23CCCCC2C1Cc1ccc(O)cc13,1
C=CCN1CCC23c4c5ccc(O)c4OC2C(O)C=CC3C1C5,1
C=CCOC(Cn1ccnc1)c1ccc(Cl)cc1Cl,1
C=CCc1ccccc1OCC(O)CNC(C)C,1
C=CCl,1
C=C[Si](C)(O[Si](C)(C)C)c1ccccc1,1
C=O,0
CC#CC1(O)CCC2C3=C(C4=C(CC3)CC(=O)CC4)C(c3ccc(N(C)C)cc3)CC21C,1
CC#N,1
CC(=Cc1ccc(C(=O)O)cc1)c1ccc2c(c1)C(C)(C)CCC2(C)C,1
CC(=O)C1(N)C=C2C(=O)c3c(c(O)c4ccccc4c3O)C(=O)C2C(OC2CC(O)C(O)CO2)C1,1
CC(=O)C1(O)C=C2C(=O)c3c(c(O)c4ccccc4c3O)C(=O)C2C(OC2CC(N)C(O)C(C)O2)C1,1
CC(=O)C1(O)CCC2C3=CC(Cl)=C4CC(=O)C5CC5C4(C)C3CCC21C,1
CC(=O)C1(O)CCC2C3CC(C)=C4CC(=O)CCC4(C)C3CCC21C,1
CC(=O)C1CCC2C3=CC=C4CC(=O)CCC4(C)C3CCC12C,0
CC(=O)C1CCC2C3CC=C4CC(=O)CCC4(C)C3CCC12C,1
CC(=O)CC(c1ccc([N+](=O)[O-])cc1)c1c(O)c2ccccc2oc1=O,1
CC(=O)CC(c1ccccc1)c1c(O)c2ccccc2oc1=O,1
CC(=O)N(CC(C)C(=O)O)c1c(I)cc(I)c(N)c1I,1
CC(=O)N1C=C(C2CCCCN2)CCC1,1
CC(=O)N1CCN(c2ccc(OCC3COC(Cn4ccnc4)(c4ccc(Cl)cc4Cl)O3)cc2)CC1,1
CC(=O)N=c1sc(S(N)(=O)=O)nn1C,1
CC(=O)NCc1c(I)c(NC(C)=O)c(I)c(C(=O)O)c1I,1
CC(=O)Nc1c(I)c(NC(C)=O)c(I)c(C(=O)O)c1I,1
CC(=O)Nc1ccc(O)cc1,0
CC(=O)OC1(C(C)=O)CCC2C3=CC(C)=C4CC(=O)CCC4(C)C3CCC21C,1
CC(=O)OC1(C(C)=O)CCC2C3=CC(Cl)=C4CC(=O)C5CC5C4(C)C3CCC21C,1
CC(=O)OC1(C(C)=O)CCC2C3=CC(Cl)=C4CC(=O)C=CC4(C)C3CCC21C,1
CC(=O)OC1(C(C)=O)CCC2C3=CC(Cl)=C4CC(=O)CCC4(C)C3CCC21C,1
CC(=O)OC1(C(C)=O)CCC2C3CC(C)=C4CC(=O)CCC4(C)C3CCC21C,1
CC(=O)OCC1=C(C(=O)O)N2C(=O)C(NC(=O)CSc3ccncc3)C2SC1,0
CC(=O)OCC1=C(C(=O)O)N2C(=O)C(NC(=O)Cc3cccs3)C2SC1,0
CC(=O)OCC=C(C)C=CC=C(C)C=CC1=C(C)CCCC1(C)C,1
CC(=O)OCN=[N+](C)[O-],1
CC(=O)Oc1ccc2c3c1OC1C(OC(C)=O)C=CC4C(C2)N(C)CCC341,1
CC(=O)c1c(C)c([N+](=O)[O-])c(C(C)(C)C)c([N+](=O)[O-])c1C,1
CC(C(=O)O)c1cccc(C(=O)c2ccccc2)c1,1
CC(C(=O)O)c1cccc(Oc2ccccc2)c1,1
CC(C)(C)C(=O)C(Oc1ccc(Cl)cc1)n1ccnc1,1
CC(C)(C)C(=O)C(Oc1ccc(Cl)cc1)n1cncn1,1
CC(C)(C)C(O)(CCc1ccc(Cl)cc1)Cn1cncn1,1
CC(C)(C)C(O)C(Oc1ccc(-c2ccccc2)cc1)n1cncn1,1
CC(C)(C)C(O)C(Oc1ccc(Cl)cc1)n1cncn1,1
CC(C)(C)N1CCN(C(c2ccccc2)c2ccc(Cl)cc2)CC1,1
CC(C)(C)NCC(O)COc1cccc2c1CC(O)C(O)C2,1
CC(C)(C)NCC(O)c1cc(O)cc(O)c1,0
CC(C)(C)c1cc([N+](=O)[O-])cc([N+](=O)[O-])c1O,1
CC(C)(C)c1ccc(CN2CCN(C(c3ccccc3)c3ccc(Cl)cc3)CC2)cc1,1
CC(C)(CO)C(O)C(=O)NCCC(=O)O,0
CC(C)(S)C(N)C(=O)O,1
CC(C)C(=O)Nc1ccc([N+](=O)[O-])c(C(F)(F)F)c1,1
CC(C)COC(=O)CCCCC(=O)OCC(C)C,1
CC(C)Cc1ccc(C(C)C(=O)O)cc1,1
CC(C)NC(=O)n1cc(O)n(-c2cc(Cl)cc(Cl)c2)c1=O,1
CC(C)NCC(O)COc1ccc(CC(N)=O)cc1,1
CC(C)NCC(O)COc1cccc2[nH]ccc12,1
CC(C)NCC(O)COc1cccc2ccccc12,1
CC(C)NCC(O)c1ccc(NS(C)(=O)=O)cc1,1
CC(C)OC(=O)COc1ccc(Cl)cc1Cl,1
CC(C)OC(=O)Nc1ccccc1,0
CC(C)OS(C)(=O)=O,1
CC(C)[N+]1(C)C2CCC1CC(OC(=O)C(CO)c1ccccc1)C2,1
CC(C)c1ccc(NC(=O)N(C)C)cc1,0
CC(C)c1ccccc1,1
CC(C1CC1)C(O)(Cn1cncn1)c1ccc(Cl)cc1,1
CC(C=CC1=C(C)C(=O)CCC1(C)C)=CC=CC(C)=CC(=O)O,1
CC(C=CC1=C(C)CCCC1(C)C)=CC=CC(C)=CC(=O)O,1
CC(C=CC=C(C)C=CC1=C(C)CCCC1(C)C)=CC=O,1
CC(C=O)Cc1ccc(C(C)C)cc1,1
CC(C=O)Cc1cccc(C(C)(C)C)c1,1
CC(CC1c2ccccc2CCc2ccccc21)CN(C)C,1
CC(CCc1ccccc1)NCC(O)c1ccc(O)c(C(N)=O)c1,1
CC(CN(C)C)CN1c2ccccc2CCc2ccccc21,1
CC(CS)C(=O)N1CCCC1C(=O)O,1
CC(C[Si](C)(C)O[Si](C)(C)C)c1ccccc1,1
CC(Cc1ccc(O)cc1)NCC(O)c1cc(O)cc(O)c1,0
CC(I)C1OCC(CO)O1,1
CC(N)(Cc1ccc(O)c(O)c1)C(=O)O,1
CC(N)Cc1ccccc1,1
CC(NCCc1ccc(O)cc1)C(O)c1ccc(O)cc1,0
CC(O)(P(=O)(O)O)P(=O)(O)O,1
CC1(C)CCC(C)(C)c2cc3cc(-c4ccc(C(=O)O)cc4)ccc3cc21,1
CC1(C)OC(=O)NC1=O,1
CC1(C)OC2CC3C4CC(F)C5=CC(=O)C=CC5(C)C4C(O)CC3(C)C2(C(=O)CO)O1,1
CC1(C)SC2C(N3C(=O)C(c4ccccc4)NC3(C)C)C(=O)N2C1C(=O)O,0
CC1(C)SC2C(NC(=O)C(C(=O)O)c3ccccc3)C(=O)N2C1C(=O)O,0
CC1(C)SC2C(NC(=O)C(C(=O)O)c3ccsc3)C(=O)N2C1C(=O)O,0
CC1(C)SC2C(NC(=O)C(N)c3ccc(O)cc3)C(=O)N2C1C(=O)O,0
CC1(C)SC2C(NC(=O)C(N)c3ccccc3)C(=O)N2C1C(=O)O,0
CC1(C)SC2C(NC(=O)C3(N)CCCCC3)C(=O)N2C1C(=O)O,0
CC1(C)SC2C(NC(=O)COc3ccccc3)C(=O)N2C1C(=O)O,0
CC1(C)SC2C(NC(=O)Cc3ccccc3)C(=O)N2C1C(=O)O,0
CC1(O)CCC(C(C)(C)O)CC1,1
CC12C=CC(=O)C=C1CCC1C3CC(O)C(O)(C(=O)CO)C3(C)CC(O)C12F,1
CC12C=CC3=C(CC=C4CC(=O)CCC43)C1CCC2O,1
CC12CC1(C)C(=O)N(c1cc(Cl)cc(Cl)c1)C2=O,1
CC12CCC(=O)C=C1CCC1C2C(O)CC2(C)C(C(=O)CO)CCC12,1
CC12CCC(=O)C=C1CCC1C2C(O)CC2(C)C1CCC2(O)C(=O)CO,1
CC12CCC(=O)C=C1CCC1C2CCC2(C)C(C(=O)CO)CCC12,1
CC12CCC(=O)C=C1CCC1C2CCC2(C)C1CCC2(C)O,1
CC12CCC(=O)CC1=CCC1C2CCC2(C)C(O)CCC12,1
CC12CCC3C(CCC4CC(=O)CCC43C)C1CCC2O,1
CC12CCC3C4=C(CCC3C1CCC2O)CC(=O)CC4,1
CC12CCC3c4ccc(O)cc4CCC3C1CCC2=O,1
CC12CCC3c4ccc(O)cc4CCC3C1CCC2O,1
CC12CCC3c4ccc(OC(=O)N(CCCl)CCCl)cc4CCC3C1CCC2O,1
CC1=C(C(=O)O)N2C(=O)C(NC(=O)C(N)C3=CCC=CC3)C2SC1,0
CC1=C(C(=O)O)N2C(=O)C(NC(=O)C(N)c3ccc(O)cc3)C2SC1,0
CC1=C(C(=O)O)N2C(=O)C(NC(=O)C(N)c3ccccc3)C2SC1,0
CC1=C(CC(=O)O)c2cc(F)ccc2C1=Cc1ccc(S(C)=O)cc1,1
CC1=C2C(=O)C3C(CC=C4CC(O)CCC43C)C2CCC12OC1CC(C)CNC1C2C,1
CC1=C2CC3C(CC=C4CC(O)CCC43C)C2CCC12OC1CC(C)CNC1C2C,1
CC1=C2CC3C(CC=C4CC(OC5OC(CO)C(O)C(O)C5O)CCC43C)C2CCC12OC1CC(C)CNC1C2C,1
CC1CC(C)C(=O)C(C(O)CC2CC(=O)NC(=O)C2)C1,1
CC1CC2C3CC(F)C4=CC(=O)C=CC4(C)C3(F)C(O)CC2(C)C1(O)C(=O)SCF,1
CC1CC2C3CC(F)C4=CC(=O)C=CC4(C)C3(F)C(O)CC2(C)C1C(=O)CO,1
CC1CC2C3CC(F)C4=CC(=O)C=CC4(C)C3C(O)CC2(C)C1C(=O)CO,1
CC1CC2C3CC=C4CC(=O)C=CC4(C)C3(F)C(=O)CC2(C)C1(O)C(=O)CCl,1
CC1CC2C3CC=C4CC(=O)C=CC4(C)C3(F)C(O)CC2(C)C1(O)C(=O)CO,1
CC1CCc2cc(F)cc3c(=O)c(C(=O)O)cn1c23,1
CC1CN1P(=O)(N1CC1C)N1CC1C,1
CC1CNC(=S)N1,1
CC1COc2c(N3CCN(C)CC3)c(F)cc3c(=O)c(C(=O)O)cn1c23,1
CC1CS(=O)(=O)CCN1N=Cc1ccc([N+](=O)[O-])o1,1
CC1OC(OC2CC(O)C3(CO)C4C(O)CC5(C)C(C6=CC(=O)OC6)CCC5(O)C4CCC3(O)C2)C(O)C(O)C1O,0
CC=C(C(=CC)c1ccc(O)cc1)c1ccc(O)cc1,1
CC=C(C)C(=O)OC1CC(OC(C)=O)C2(C(=O)OC)COC3C2C12COC(O)(C(=O)OC)C2C(C)(C12OC1(C)C1CC2OC2OC=CC21O)C3O,1
CC=C(c1ccc(O)cc1)C(CC)c1ccc(O)cc1,1
CC=CC(=O)Oc1c([N+](=O)[O-])cc(C(CCC)CCCC)cc1[N+](=O)[O-],1
CC=O,0
CCC#N,1
CCC(=O)C(CC(C)N(C)C)(c1ccccc1)c1ccccc1,0
CCC(=O)OC(OP(=O)(CCCCc1ccccc1)CC(=O)N1CC(C2CCCCC2)CC1C(=O)O)C(C)C,1
CCC(C)C1(CC)C(=O)NC(=O)NC1=O,1
CCC(C)c1cc([N+](=O)[O-])cc([N+](=O)[O-])c1OC(=O)C=C(C)C,0
CCC(CO)NCCNC(CC)CO,0
CCC(Cc1c(I)cc(I)c(N)c1I)C(=O)O,1
CCC(Cc1cnc2nc(N)nc(N)c2n1)c1ccc(C(=O)NC(CCC(=O)O)C(=O)O)cc1,1
CCC(c1ccccc1)c1c(O)c2ccccc2oc1=O,1
CCC1(C)OC(=O)N(C)C1=O,1
CCC1(CC)C(=O)NC(=O)N(C)C1=O,1
CCC1(CCC(C)C)C(=O)NC(=O)NC1=O,1
CCC1(O)CC2CN(CCc3c([nH]c4ccccc34)C(C(=O)OC)(c3cc4c(cc3OC)N(C)C3C(O)(C(=O)OC)C(OC(C)=O)C5(CC)C=CCN6CCC43C65)C2)C1,1
CCC1(O)CC2CN(CCc3c([nH]c4ccccc34)C(C(=O)OC)(c3cc4c(cc3OC)N(C)C3C(O)(C(N)=O)C(O)C5(CC)C=CCN6CCC43C65)C2)C1,1
CCC1(O)CC2CN(CCc3c([nH]c4ccccc34)C(C(=O)OC)(c3cc4c(cc3OC)N(C=O)C3C(O)(C(=O)OC)C(OC(C)=O)C5(CC)C=CCN6CCC43C65)C2)C1,1
CCC1(c2ccc(N)cc2)CCC(=O)NC1=O,1
CCC1(c2ccccc2)C(=O)NC(=O)N(C)C1=O,1
CCC1(c2ccccc2)C(=O)NC(=O)NC1=O,1
CCC1(c2ccccc2)C(=O)NCNC1=O,1
CCC1(c2ccccc2)NC(=O)N(C)C1=O,1
CCC12C=CCN3CCC4(c5cc(C6(C(=O)OC)CC7CC(C(C)(F)F)CN(Cc8c6[nH]c6ccccc86)C7)c(OC)cc5N(C)C4C(O)(C(=O)OC)C1OC(C)=O)C32,1
CCC1=CC2CN(C1)Cc1c([nH]c3ccccc13)C(C(=O)OC)(c1cc3c(cc1OC)N(C)C1C(O)(C(=O)OC)C(OC(C)=O)C4(CC)C=CCN5CCC31C54)C2,1
CCC1CCNC(C(=O)NC(C(C)Cl)C2OC(SC)C(O)C(O)C2O)C1,1
CCC1NC(=O)c2cc(S(N)(=O)=O)c(Cl)cc2N1,1
CCC=CC#N,1
CCCC#N,1
CCCC(=O)Nc1c(I)cc(I)c(CC(CC)C(=O)O)c1I,1
CCCC(=O)Nc1ccc(OCC(O)CNC(C)C)c(C(C)=O)c1,1
CCCC(=O)OC1(C(=O)COC(C)=O)CCC2C3CC(F)C4=CC(=O)C=CC4(C)C3(F)C(O)CC21C,1
CCCC(C)(COC(N)=O)COC(N)=O,1
CCCC(C)C1(CC)C(=O)NC(=O)NC1=O,1
CCCC(CCC)C(=O)O,1
CCCC(Cn1cncn1)c1ccc(Cl)cc1Cl,1
CCCC(NC(C)C(=O)N1C(C(=O)O)CC2CCCCC21)C(=O)OCC,1
CCCC1=NCCCC1,1
CCCC1CC(C(=O)NC(C(C)Cl)C2OC(SC)C(O)C(O)C2O)N(C)C1,0
CCCC1CC(C(=O)NC(C(C)O)C2OC(SC)C(O)C(O)C2O)N(C)C1,1
CCCC1CCCCN1,1
CCCC1CCCCN1C,1
CCCC1COC(Cn2cncn2)(c2ccc(Cl)cc2Cl)O1,0
CCCC1OC2CC3C4CC=C5CC(=O)C=CC5(C)C4C(O)CC3(C)C2(C(=O)CO)O1,1
CCCCC(=O)N(Cc1ccc(-c2ccccc2-c2nn[nH]n2)cc1)C(C(=O)O)C(C)C,1
CCCCC(C#N)(Cn1cncn1)c1ccc(Cl)cc1,1
CCCCC(C)(O)CC=CC1C(O)CC(=O)C1CCCCCCC(=O)OC,1
CCCCC(CC)C(=O)O,1
CCCCC(CC)CO,1
CCCCC(CC)COC(=O)CCCCC(=O)OCC(CC)CCCC,1
CCCCC(CC)COC(=O)COc1ccc(Cl)cc1Cl,1
CCCCC(CC)COC(=O)c1ccccc1C(=O)OCC(CC)CCCC,1
CCCCC(CCC)C(=O)O,1
CCCCC(CCCC)C(=O)O,1
CCCCC1=NC2(CCCC2)C(=O)N1Cc1ccc(-c2ccccc2-c2nn[nH]n2)cc1,1
CCCCCC,0
CCCCCC(O)C=CC1C(=O)CC(O)C1CC=CCCCC(=O)O,1
CCCCCC(O)C=CC1C(O)CC(=O)C1CC=CCCCC(=O)O,1
CCCCCC(O)C=CC1C(O)CC(=O)C1CCCCCCC(=O)O,1
CCCCCC(O)C=CC1C(O)CC(O)C1CC=CCCCC(=O)O,1
CCCCCC(O)C=CC1C2CC(OO2)C1CC=CCCCC(=O)O,1
CCCCCC(O)C=CC1OC2CC(O2)C1CC=CCCCC(=O)O,1
CCCCCC(O)CCC1C(O)CC(=O)C1CC=CCCCC(=O)O,1
CCCCCCC(O)CC=CCCCCCCCC(=O)O,0
CCCCCCCC(=O)O,0
CCCCCCCC(=O)Oc1c(Br)cc(C#N)cc1Br,1
CCCCCCCC(=O)Oc1c(I)cc(C#N)cc1I,1
CCCCCCCCCCCCCN1CC(C)OC(C)C1,1
CCCCCCCCCCCCN1CC(C)OC(C)C1,1
CCCCCCCCCCOc1cc2c(=O)c(C(=O)OCC)c[nH]c2cc1OCC,1
CCCCCCCN(CC)CCCC(O)c1ccc(NS(C)(=O)=O)cc1,1
CCCCCc1nc(N)nc(N)c1-c1ccc(Cl)cc1,1
CCCCN(CCCC)SN(C)C(=O)Oc1cccc2c1OC(C)(C)C2,1
CCCCN1C(=O)c2ccccc2C1=O,1
CCCCNC(=O)NS(=O)(=O)c1ccc(N)cc1,1
CCCCNC(=O)n1c(NC(=O)OC)nc2ccccc21,1
CCCCNC(=S)NCCCC,1
CCCCO,1
CCCCOC(=O)CCCCC(=O)OCCCC,1
CCCCOCC(=O)O,0
CCCCOCC1CO1,1
CCCCOCCCC,1
CCCCOCCOC(=O)COc1ccc(Cl)cc1Cl,1
CCCCOCCOC(C)=O,1
CCCCc1ccccc1C,1
CCCCc1nc(Cl)c(CO)n1Cc1ccc(-c2ccccc2-c2nn[nH]n2)cc1,1
CCCCc1oc2ccccc2c1C(=O)c1cc(I)c(OCCN(CC)CC)c(I)c1,1
CCCN(CCC)c1c([N+](=O)[O-])cc(C(F)(F)F)cc1[N+](=O)[O-],1
CCCN(CCOc1c(Cl)cc(Cl)cc1Cl)C(=O)n1ccnc1,1
CCCN(N=O)C(N)=O,1
CCCO,1
CCCOC(=O)CCCCC(=O)OCCC,1
CCCOC(N)=O,1
CCCOCC(=Nc1ccc(Cl)cc1C(F)(F)F)n1ccnc1,1
CCCOCC(=O)O,1
CCCSc1ccc2[nH]c(NC(=O)OC)nc2c1,1
CCCc1cc(=O)[nH]c(=S)[nH]1,1
CCCc1nc(N)nc(N)c1-c1ccccc1,1
CCN(C)C(=O)Oc1cccc(C(C)N(C)C)c1,1
CCN(CC)C(=O)N(C)N=O,1
CCN(CC)C(=S)SSC(=S)N(CC)CC,1
CCN(CC)C(C)C(=O)c1ccccc1,0
CCN(CC)CC(=O)Nc1c(C)cccc1C,0
CCN(CC)CCNC(=O)c1cc(Cl)c(N)cc1OC,0
CCN(CC)CCOC(=O)C1(C2CCCCC2)CCCCC1,0
CCN(CC)CCOC(=O)C1(c2ccccc2)CCCC1,0
CCN(CC)CCOC(=O)c1ccc(N)cc1,0
CCN(CC)CCOc1ccc(C(=C(Cl)c2ccccc2)c2ccccc2)cc1,1
CCN(CC)CCOc1ccc(C(O)(Cc2ccc(Cl)cc2)c2ccc(C)cc2)cc1,1
CCN(CCO)S(=O)(=O)C(F)(F)C(F)(F)C(F)(F)C(F)(F)C(F)(F)C(F)(F)C(F)(F)C(F)(F)F,1
CCN(Cc1cccc(S(=O)(=O)O)c1)c1ccc(C(=C2C=CC(=[N+](CC)Cc3cccc(S(=O)(=O)O)c3)C=C2)c2ccccc2S(=O)(=O)O)cc1,0
CCN1CCN(c2cc3c(cc2F)c(=O)c(C(=O)O)cn3C2CC2)CC1,1
CCNC(N)=S,1
CCNC1CC(N)C(OC2OC(CN)=CCC2N)C(O)C1OC1OCC(C)(O)C(NC)C1O,1
CCNc1ccc(N=Nc2ccccc2)cc1,1
CCO,1
CCOC(=O)C(CCc1ccccc1)NC(C)C(=O)N1CCCC1C(=O)O,1
CCOC(=O)C(CCc1ccccc1)NC(C)C(=O)N1Cc2cc(OC)c(OC)cc2CC1C(=O)O,1
CCOC(=O)C(CCc1ccccc1)NC1CCc2ccccc2N(CC(=O)O)C1=O,1
CCOC(=O)C(c1c(O)c2ccccc2oc1=O)c1c(O)c2ccccc2oc1=O,1
CCOC(=O)C1(c2ccccc2)CCN(C)CC1,1
CCOC(=O)C1(c2ccccc2)CCN(CCc2ccc(N)cc2)CC1,1
CCOC(=O)C=C(C)C=CC=C(C)C=Cc1c(C)cc(OC)c(C)c1C,1
CCOC(=O)CC(SP(=S)(OC)OC)C(=O)OCC,0
CCOC(=O)CCCCC(=O)OCC,1
CCOC(=O)CCN(SN(C)C(=O)Oc1cccc2c1OC(C)(C)C2)C(C)C,1
CCOC(=O)NCCOc1ccc(Oc2ccccc2)cc1,1
CCOC(=O)OC(C)OC(=O)C1N2C(=O)C(NC(=O)C(N)c3ccccc3)C2SC1(C)C,0
CCOC(=O)OCC,1
CCOC(=O)n1ccn(C)c1=S,1
CCOC(N)=O,1
CCOCC,1
CCOCC(=O)O,1
CCOCCO,1
CCOCCOC(C)=O,1
CCOCCOCCO,1
CCOCCOCCOCC,1
CCOP(=O)(OCC)OC(=CCl)c1ccc(Cl)cc1Cl,1
CCOS(=O)(=O)CC,1
CCOS(C)(=O)=O,1
CCOc1ccc(NC(C)=O)cc1,0
CCOc1ccc2ccccc2c1C(=O)NC1C(=O)N2C1SC(C)(C)C2C(=O)O,0
CCOc1ccc2nc(S(N)(=O)=O)sc2c1,1
CCOc1nc2cccc(C(=O)O)c2n1Cc1ccc(-c2ccccc2-c2nn[nH]n2)cc1,0
CCS(=O)(=O)OC,1
CCSCc1ccccc1OC(=O)NC,0
CCc1cccc2c3c([nH]c12)C(CC)(CC(=O)O)OCC3,1
CCc1nc(N)nc(N)c1-c1ccc(Br)cc1,0
CCc1nc(N)nc(N)c1-c1ccc(Cl)cc1,1
CCn1c(O)c(-c2ccccc2)[nH]c1=O,1
CN(C)C(=O)C(CCN1CCC(O)(c2ccc(Cl)cc2)CC1)(c1ccccc1)c1ccccc1,0
CN(C)C(=O)N(C)C,1
CN(C)C(=O)N(C)N=O,1
CN(C)C(=O)Nc1ccc(Cl)c(Cl)c1,1
CN(C)C(=S)N(C)C,1
CN(C)C(=S)SSC(=S)N(C)C,1
CN(C)C1C(=O)C(C(=O)NCO)C(=O)C2(O)C(=O)C3C(=O)c4c(O)ccc(Cl)c4C(C)(O)C3CC12,1
CN(C)C1C(=O)C(C(N)=O)C(=O)C2(O)C(=O)C3C(=O)c4c(O)ccc(Cl)c4C(C)(O)C3CC12,1
CN(C)C1C(=O)C(C(N)=O)C(=O)C2(O)C(=O)C3C(=O)c4c(O)ccc(Cl)c4C(O)C3CC12,1
CN(C)C1C(=O)C(C(N)=O)C(=O)C2(O)C(=O)C3C(=O)c4c(O)cccc4C(C)(O)C3C(O)C12,1
CN(C)C1C(=O)C(C(N)=O)C(=O)C2(O)C(=O)C3C(=O)c4c(O)cccc4C(C)(O)C3CC12,1
CN(C)C=Nc1c(I)cc(I)c(CCC(=O)O)c1I,1
CN(C)CCC(c1ccc(Cl)cc1)c1ccccn1,0
CN(C)CCC=C1c2ccccc2COc2ccccc21,0
CN(C)CCCN1c2ccccc2CCc2ccccc21,1
CN(C)CCCN1c2ccccc2Sc2ccc(Cl)cc21,1
CN(C)CCCn1c2c(c3ccccc31)CCCCCC2,1
CN(C)CCN(Cc1ccccc1)c1ccccn1,0
CN(C)CCN1C(=O)c2ccccc2N(C)c2ccccc21,1
CN(C)CCOC(C)(c1ccccc1)c1ccccn1,0
CN(C)N=Nc1[nH]cnc1C(N)=O,1
CN(C)c1ccc(C(=C2C=CC(=[N+](C)C)C=C2)c2c(O)c(S(=O)(=O)O)cc3cc(S(=O)(=O)O)ccc23)cc1,0
CN(C)c1ccc(N=Nc2ccc(F)cc2)cc1,1
CN(C)c1ccc(N=Nc2cccc(C(F)(F)F)c2)cc1,1
CN(C)c1ccc(N=Nc2cccc(F)c2)cc1,1
CN(C)c1ccc(N=Nc2ccccc2F)cc1,1
CN(C)c1ccc(O)c2c1CC1CC3C(N(C)C)C(=O)C(C(N)=O)C(=O)C3(O)C(=O)C1C2=O,1
CN(CCCN1c2ccccc2CCc2ccccc21)CC(=O)c1ccc(Cl)cc1,1
CN(CCCl)CCCl,1
CN(CCOc1ccc(NS(C)(=O)=O)cc1)CCc1ccc(NS(C)(=O)=O)cc1,1
CN(Cc1cnc2nc(N)nc(N)c2n1)c1ccc(C(=O)NC(CCC(=O)O)C(=O)O)cc1,1
CN(N=O)C(=N)N[N+](=O)[O-],1
CN(N=O)C(N)=O,1
CN1C(=O)C(O)N=C(c2ccccc2)c2cc(Cl)ccc21,1
CN1C(=O)CN=C(c2ccccc2)c2cc(Cl)ccc21,1
CN1C(=O)CN=C(c2ccccc2F)c2cc([N+](=O)[O-])ccc21,1
CN1C(=O)OC(C)(C)C1=O,1
CN1C(=O)c2ccc([N+](=O)[O-])cc2C1=O,1
CN1C(=O)c2ccccc2C1=O,1
CN1C(CCl)Nc2cc(Cl)c(S(N)(=O)=O)cc2S1(=O)=O,1
CN1C2CC(OC(=O)C(CO)c3ccccc3)CC1C1OC12,1
CN1CC2CC1CN2c1cc2c(cc1F)c(=O)c(C(=O)O)cn2C1CC1,1
CN1CCC(=C2c3ccccc3CCc3cccnc32)CC1,0
CN1CCC23c4c5ccc(O)c4OC2C(=O)CCC3(O)C1C5,1
CN1CCC23c4c5ccc(O)c4OC2C(=O)CCC3C1C5,1
CN1CCCC1c1cccnc1,1
CN1CCCN(C(c2ccccc2)c2ccc(Cl)cc2)CC1,1
CN1CCN(C(c2ccccc2)c2ccc(Cl)cc2)CC1,1
CN1CCN(C(c2ccccc2)c2ccccc2)CC1,1
CN1CCN(c2c(F)cc3c(=O)c(C(=O)O)cn4c3c2OCN4C)CC1,1
CN1CCN(c2cc3c(cc2F)c(=O)c(C(=O)O)cn3-c2ccc(F)cc2)CC1,1
CN1CCN2c3ncccc3Cc3ccccc3C2C1,1
CN=C(C[N+](=O)[O-])NCCSCc1ccc(CN(C)C)o1,0
CN=C(NC#N)NCCSCc1[nH]cnc1C,0
CN=C1C[N+]([O-])=C(c2ccccc2)c2cc(Cl)ccc2N1,1
CNC(=O)N(C)C,1
CNC(=O)NC,1
CNC(=O)ON=C(C)SC,0
CNC(=O)ON=C(SC)C(=O)N(C)C,1
CNC(=O)ON=CC(C)(C)SC,1
CNC(=O)Oc1cc(C)c(N(C)C)c(C)c1,1
CNC(=O)Oc1cc(C)c(SC)c(C)c1,1
CNC(=O)Oc1ccc(C)c(C)c1,1
CNC(=O)Oc1ccc(N(C)C)c(C)c1,1
CNC(=O)Oc1cccc2c1OC(C)(C)C2,1
CNC(=O)Oc1cccc2c1OC(C)(C)O2,1
CNC(=O)Oc1cccc2ccccc12,1
CNC(=O)Oc1ccccc1OC(C)C,1
CNC(=O)c1c(I)c(NC(C)=O)c(I)c(C(=O)O)c1I,1
CNC(=S)S,1
CNC(C)C1CCC(N)C(OC2C(N)CC(N)C(OC3OCC(C)(O)C(NC)C3O)C2O)O1,1
CNC(C)Cc1ccccc1,1
CNC(N)=S,1
CNC1(c2ccccc2Cl)CCCCC1=O,1
CNC1C(O)C(NC)C2OC3(O)C(=O)CC(C)OC3OC2C1O,0
CNC1C(O)C(OC2C(N)CC(N)C(OC3OC(CN)=CCC3N)C2O)OCC1(C)O,0
CNC1C(O)C(OC2C(NC(=O)C(O)CN)CC(N)C(OC3OC(CN)C(O)C(O)C3O)C2O)OCC1(C)O,1
CNC1C(OC2C(OC3C(O)C(O)C(N=C(N)N)C(O)C3N=C(N)N)OC(C)C2(O)C=O)OC(CO)C(O)C1O,1
CNCCC=C1c2ccccc2CCc2ccccc21,1
CNCCCC12CCC(c3ccccc31)c1ccccc12,0
CNCCCC1c2ccccc2C=Cc2ccccc21,1
CNCCCN1c2ccccc2CCc2ccccc21,1
CNNCc1ccc(C(=O)NC(C)C)cc1,1
CNc1ccc(N=Nc2ccccc2)cc1,1
CO,1
COC(=O)C1C=C2CC(=O)CCC2(C)C23OC2CC2(C)C(CCC24CCC(=O)O4)C13,0
COC(=O)CCC(C(N)=O)N1C(=O)c2ccccc2C1=O,1
COC(=O)CCCCC(=O)OC,1
COC(=O)NC(=S)Nc1ccccc1NC(=S)NC(=O)OC,1
COC(=O)Nc1nc2cc(C(=O)c3ccc(F)cc3)ccc2[nH]1,1
COC(=O)Nc1nc2cc(C(=O)c3ccccc3)ccc2[nH]1,1
COC(=O)Nc1nc2cc(S(=O)c3ccccc3)ccc2[nH]1,1
COC(=O)Nc1nc2cc(Sc3ccccc3)ccc2[nH]1,1
COC(=O)Nc1nc2ccccc2[nH]1,1
COC(C(C)=CC=CC(C)=Cc1coc(C)n1)C(C)C1CC(O)C2(C)OC2C=CC(C)C2CC(CC(=O)O2)CC2OC2C(=O)O1,1
COC(C)C(=O)O,1
COC(C)CO,1
COC(F)(F)C(Cl)Cl,1
COC1(NC(=O)Cc2cccs2)C(=O)N2C(C(=O)O)=C(COC(N)=O)CSC21,0
COC12CCC3(CC1C(C)(O)C(C)(C)C)C1Cc4ccc(O)c5c4C3(CCN1CC1CC1)C2O5,1
COC1=CC=C2C3Cc4ccc(OC)c5c4C2(CCN3C)C1O5,1
COCC(=O)Nc1cc(Sc2ccccc2)ccc1N=C(NC(=O)OC)NC(=O)OC,1
COCC(=O)O,1
COCC(C)O,0
COCCO,1
COCCOC,1
COCCOC(C)=O,1
COCCOCCOC,1
COCCOCCOCCO,1
COCCOCCOCCOC,1
COCCc1ccc(OCC(O)CNC(C)C)cc1,1
CON(C)C(=O)Nc1ccc(Cl)c(Cl)c1,1
CON(C)C(=O)Nc1ccc(Cl)cc1,1
CON=C(C(=O)NC1C(=O)N2C(C(=O)O)=C(COC(C)=O)CSC12)c1csc(N)n1,0
CON=C(C(=O)NC1C(=O)N2C(C(=O)O)=C(COC(N)=O)CSC12)c1ccco1,0
CON=C(C(=O)NC1C(=O)N2C(C(=O)O)=CCSC12)c1csc(N)n1,0
COP(=O)(OC)C(O)C(Cl)(Cl)Cl,1
COP(=S)(OC)Oc1ccc([N+](=O)[O-])cc1,1
COP(=S)(OC)SCN1C(=O)c2ccccc2C1=O,1
COS(C)(=O)=O,1
COc1c(Cl)c(O)c(Cl)c(C)c1C(=O)OC(C(C)O)C(O)CC=O,1
COc1c2occc2cc2ccc(=O)oc12,1
COc1cc(-c2ccc(N=Nc3c(S(=O)(=O)O)cc4cc(S(=O)(=O)O)cc(N)c4c3O)c(OC)c2)ccc1N=Nc1c(S(=O)(=O)O)cc2cc(S(=O)(=O)O)cc(N)c2c1O,1
COc1cc(-c2ccc(N=Nc3ccc4c(S(=O)(=O)O)cc(S(=O)(=O)O)c(N)c4c3O)c(OC)c2)ccc1N=Nc1ccc2c(S(=O)(=O)O)cc(S(=O)(=O)O)c(N)c2c1O,1
COc1cc(-c2ccc([N+]#N)c(OC)c2)ccc1[N+]#N,0
COc1cc(C)c(C=CC(C)=CC=CC(C)=CC(=O)O)c(C)c1C,1
COc1cc(C2c3cc4c(cc3C(O)C3COC(=O)C23)OCO4)cc(OC)c1OC,1
COc1cc(C2c3cc4c(cc3C(OC3OC5COC(C)OC5C(O)C3O)C3COC(=O)C23)OCO4)cc(OC)c1O,1
COc1cc(Cc2cnc(N)nc2N)cc(OC)c1Br,1
COc1cc(N)c(Cl)cc1C(=O)NC1CCN(CCCOc2ccc(F)cc2)CC1OC,1
COc1cc(NCc2ccc3nc(N)nc(N)c3c2C)cc(OC)c1OC,1
COc1cc(NS(=O)(=O)c2ccc(N)cc2)nc(C)n1,1
COc1cc(NS(=O)(=O)c2ccc(N)cc2)ncn1,1
COc1cc2c(c(OC)c1OC)-c1cc3c(cc1C(OC(C)=O)C1COC(=O)C1C2)OCO3,1
COc1cc2c(c(OC)c1OC)-c1ccc(OC)c(=O)cc1C(NC(C)=O)CC2,1
COc1cc2cc(c1Cl)N(C)C(=O)CC(OC(=O)C(C)N(C)C(C)=O)C1(C)OC1C(C)C1CC(O)(NC(=O)O1)C(OC)C=CC=C(C)C2,1
COc1ccc(C(=O)Nc2ccccc2CCC2CCCCN2C)cc1,0
COc1ccc(C(Cl)=C(c2ccc(OC)cc2)c2ccc(OC)cc2)cc1,1
COc1ccc(CC(O)c2cc(OC)c(OC)c(OC)c2)cc1O,1
COc1ccc(CC2=NC(=O)CCCC(C(C)C3OC3c3ccccc3)OC(=O)C(CC(C)C)OC(=O)C(C)CNC2=O)cc1Cl,1
COc1ccc(CCN2CCC(Nc3nc4ccccc4n3Cc3ccc(F)cc3)CC2)cc1,1
COc1ccc(Cc2cnc(N)nc2N)cc1OC,1
COc1ccc(NS(=O)(=O)c2ccc(N)cc2)nn1,1
COc1ccc2c(c1OC)C(=O)OC2C1c2c(cc3c(c2OC)OCO3)CCN1C,1
COc1ccc2c3c1OC1C(=O)CCC4(O)C(C2)N(C)CCC314,1
COc1ccc2cc(C(C)C(=O)O)ccc2c1,1
COc1ccc2cc(CCC(C)=O)ccc2c1,1
COc1cccc(OC)c1C(=O)NC1C(=O)N2C1SC(C)(C)C2C(=O)O,0
COc1cccc2c(O)c3c(c(O)c12)C(=O)C1=C(CC(O)(C(=O)CO)CC1OC1CC(N)C(O)C(C)O1)C3=O,1
COc1cccc2c(O)c3c(c(O)c12)C(=O)C1=C(CC(O)(C(=O)COC(=O)CCN)CC1OC1OC(C)C(O)C(O)C1F)C3=O,1
COc1cccc2c(O)c3c(c(O)c12)C(=O)C1=C(CC(O)(C(C)=O)CC1OC1CC(N)C(O)C(C)O1)C3=O,1
COc1cnc(NS(=O)(=O)c2ccc(N)cc2)nc1,1
CS(=O)(=O)Nc1ccc2c(c1)C(=O)CC1(CCN(CCc3ccc4nonc4c3)CC1)O2,1
CS(=O)(=O)OCCCCOS(C)(=O)=O,1
CS(=O)(=O)OCCCOS(C)(=O)=O,1
CS(=O)(=O)OCOS(C)(=O)=O,1
CS(=O)(=O)c1ccc(C(O)C(CO)NC(=O)C(Cl)Cl)cc1,1
CSC1=NC(C)(c2ccccc2)C(=O)N1Nc1ccccc1,1
C[N+]1(C)C2CC(OC(=O)C(O)(c3cccs3)c3cccs3)CC1C1OC12,1
C[N+]1(C)CCC(OC(=O)C(O)(c2ccccc2)C2CCCC2)C1,0
C[Si](C)(C)O[Si](O[Si](C)(C)C)(c1ccccc1)c1ccccc1,1
C[Si](C)(C)O[Si](O[Si](C)(C)C)c1ccccc1,1
C[Si](C)(O[Si](C)(C)c1ccccc1)c1ccccc1,1
C[Si](Cn1cncn1)(c1ccc(F)cc1)c1ccc(F)cc1,1
C[Si]1(C)O[Si](C)(C)O[Si](C)(c2ccccc2)O1,1
C[Si]1(C)O[Si](C)(C)O[Si](C)(c2ccccc2)O[Si](C)(C)O1,1
C[Si]1(C)O[Si](C)(c2ccccc2)O[Si](C)(C)O[Si](C)(c2ccccc2)O1,1
C[Si]1(C)O[Si](C)(c2ccccc2)O[Si](C)(c2ccccc2)O1,1
C[Si]1(C)O[Si](c2ccccc2)O[Si](C)(C)O[Si](C)(C)O1,1
C[Si]1(c2ccccc2)CC[Si](C)(c2ccccc2)O1,1
Cc1c(Cl)ccc(Cl)c1Cl,1
Cc1c([N+](=O)[O-])c(C)c([N+](=O)[O-])c(C(C)(C)C)c1[N+](=O)[O-],1
Cc1cc(-c2ccc(N=Nc3c(S(=O)(=O)O)cc4cc(S(=O)(=O)O)cc(N)c4c3O)c(C)c2)ccc1N=Nc1c(S(=O)(=O)O)cc2cc(S(=O)(=O)O)cc(N)c2c1O,1
Cc1cc(-c2ccc(N=Nc3ccc4c(S(=O)(=O)O)cc(S(=O)(=O)O)c(N)c4c3O)c(C)c2)ccc1N=Nc1ccc2c(S(=O)(=O)O)cc(S(=O)(=O)O)c(N)c2c1O,1
Cc1cc(C(C)(C)C)cc(C)c1CC1=NCCN1,0
Cc1cc(C)nc(NS(=O)(=O)c2ccc(N)cc2)n1,1
Cc1cc(C2CCCCC2)n(O)c(=O)c1,0
Cc1cc(Cl)ccc1OC(C)C(=O)O,1
Cc1cc2nc3c(=O)[nH]c(=O)nc-3n(CC(O)C(O)C(O)CO)c2cc1C,0
Cc1ccc(-c2c(Cl)nc(C#N)n2S(=O)(=O)N(C)C)cc1,1
Cc1ccc(C(C)(C)C)cc1,1
Cc1ccc(C)cc1,1
Cc1ccc(Cl)c(Nc2ccccc2C(=O)O)c1Cl,1
Cc1ccc(N=Nc2ccc(N(C)C)cc2)cc1,1
Cc1ccc(NC(=O)N(C)C)cc1Cl,1
Cc1ccc(S(=O)(=O)NC(=O)NC2CCCCC2)cc1,0
Cc1ccc(S(=O)(=O)NC(=O)NC2CCCCC2)cc1N,1
Cc1ccc([N+](=O)[O-])cc1[N+](=O)[O-],1
Cc1cccc(C)c1,1
Cc1cccc(CN2CCN(C(c3ccccc3)c3ccc(Cl)cc3)CC2)c1,1
Cc1ccccc1-n1c(C)nc2ccccc2c1=O,1
Cc1ccccc1C,1
Cc1ccccc1C(c1ccccc1)N1CCN(C)CC1,1
Cc1ccccc1C(c1ccccc1)N1CCNCC1,1
Cc1ccccc1N1C(=O)c2cc(S(N)(=O)=O)c(Cl)cc2NC1C,1
Cc1ccccc1[Si]1(C)O[Si](C)(C)O[Si](C)(C)O[Si](C)(C)O1,1
Cc1cn(C2C=CC(CO)O2)c(=O)[nH]c1=O,1
Cc1nc(N(C)C)nc(OC(=O)N(C)C)c1C,1
Cc1nc(N)nc(N)c1-c1ccc(Br)cc1,1
Cc1nc(N)nc(N)c1-c1ccc(Cl)c(Cl)c1,1
Cc1nc(N)nc(N)c1-c1ccccc1,1
Cc1nc(N)nc(N)c1Cc1ccc([N+](=O)[O-])cc1,0
Cc1nc(N)nc(N)c1Oc1ccc(Cl)cc1,0
Cc1nc(NCc2ccccc2)c2cc[nH]c2n1,0
Cc1ncc(CO)c(CO)c1O,0
Cc1ncc(C[n+]2csc(CCO)c2C)c(N)n1,0
Cc1ncc([N+](=O)[O-])n1CCO,0
Cc1nnc2n1-c1ccc(Cl)cc1C(c1ccccc1)=NC2,1
Cc1onc(-c2c(Cl)cccc2Cl)c1C(=O)NC1C(=O)N2C1SC(C)(C)C2C(=O)O,0
Cc1onc(-c2ccccc2)c1C(=O)NC1C(=O)N2C1SC(C)(C)C2C(=O)O,0
Cc1onc(-c2ccccc2Cl)c1C(=O)NC1C(=O)N2C1SC(C)(C)C2C(=O)O,0
ClC(Cl)(Cl)Cl,1
ClC(Cl)Br,1
ClC(Cl)Cl,1
ClC1(Cl)C2(Cl)C3(Cl)C4(Cl)C(Cl)(Cl)C5(Cl)C3(Cl)C1(Cl)C5(Cl)C24Cl,1
ClC1=C(Cl)C(Cl)(Cl)C(Cl)=C1Cl,0
ClC1=C(Cl)C2(Cl)C3C(Cl)C(Cl)CC3C1(Cl)C2(Cl)Cl,1
ClC1=C(Cl)C2(Cl)C3C4C=CC(C4)C3C1(Cl)C2(Cl)Cl,1
ClC1=C(Cl)C2(Cl)C3C4CC(C5OC45)C3C1(Cl)C2(Cl)Cl,1
ClC1=C(Cl)C2(Cl)C3C4OC4C(Cl)C3C1(Cl)C2(Cl)Cl,1
ClC1C(Cl)C(Cl)C(Cl)C(Cl)C1Cl,0
ClCC1CO1,0
ClCCCl,0
Clc1c(Cl)c(Cl)c(Cl)c(Cl)c1Cl,1
Clc1cc(Cl)c(Oc2c(Cl)cccc2Cl)cc1Cl,1
Clc1cc(Cl)c(Oc2cc(Cl)c(Cl)cc2Cl)cc1Cl,1
Clc1cc(Cl)cc(-c2cc(Cl)cc(Cl)c2)c1,1
Clc1ccc(-c2ccc(Cl)cc2Cl)c(Cl)c1,1
Clc1ccc(C(c2ccccc2)N2CCNCC2)cc1,1
Clc1ccc(CN2CCNCC2)cc1,1
Clc1ccc(Cl)c(Cl)c1,1
Clc1ccc(Cl)cc1,1
Clc1ccc(Oc2c(Cl)cccc2Cl)cc1Cl,1
Clc1ccc(Oc2cc(Cl)c(Cl)cc2Cl)c(Cl)c1,1
Clc1ccc2c(c1)C(N1CCNCC1)=Nc1ccccc1O2,1
Clc1cccc(-c2cc(Cl)cc(Cl)c2)c1,1
Clc1cccc(-c2ccccc2)c1,1
Clc1ccccc1C(c1ccccc1)(c1ccccc1)n1ccnc1,0
Clc1ccccc1CNCC1CCC(CNCc2ccccc2Cl)CC1,1
Cn1c(O)cc(-c2ccccc2)c1O,1
Cn1cc[nH]c1=S,1
Cn1cnc2c1c(=O)[nH]c(=O)n2C,1
Cn1nnnc1SCC1=C(C(=O)O)N2C(=O)C(NC(=O)C(O)c3ccccc3)C2SC1,0
FC(F)(F)C(Cl)Br,1
FC(F)OC(F)(F)C(F)Cl,1
FCOC(C(F)(F)F)C(F)(F)F,1
Fc1ccc(C2(Cn3cncn3)OC2c2ccccc2Cl)cc1,1
N#CC(Br)Br,1
N#CC(CCc1ccc(Cl)cc1)(Cn1cncn1)c1ccccc1,1
N#CC(Cl)(Cl)Cl,1
N#CC(Cl)Br,1
N#CC(Cl)Cl,1
N#CCCl,1
N#Cc1c(Cl)c(Cl)c(Cl)c(C#N)c1Cl,1
N#Cc1cc(Br)c(O)c(Br)c1,1
N#Cc1cc(I)c(O)c(I)c1,1
N=C(N)NC(=O)Cc1c(Cl)cccc1Cl,0
N=C(N)NC(=O)c1nc(Cl)c(N)nc1N,1
N=c1ccn2c(n1)OC1C(O)C(CO)OC12,1
NC(=O)C(CCC(=O)O)N1C(=O)c2ccccc2C1=O,1
NC(=O)CCC(C(=O)O)N1C(=O)c2ccccc2C1=O,0
NC(=O)CCCN1C(=O)c2ccccc2C1=O,1
NC(=O)CN1C(=O)c2ccccc2C1=O,0
NC(=O)N1c2ccccc2C=Cc2ccccc21,1
NC(=O)NC(=O)Cc1ccccc1,1
NC(=O)Nc1[nH]c(=O)[nH]c1O,0
NC(=O)OCCO,1
NC(=O)c1ccc(N)nc1,1
NC(=O)c1ccccc1O,0
NC(=O)c1cccnc1,0
NC(=O)c1ncn(C2OC(CO)C(O)C2O)n1,1
NC(C(=O)NC1C(=O)N2C(C(=O)O)=C(CSc3c[nH]nn3)CSC12)c1ccc(O)cc1,0
NC(C(=O)NC1C(=O)N2C(C(=O)O)=C(Cl)CSC12)c1ccccc1,0
NC(Cc1c[nH]c2ccc(O)cc12)C(=O)O,1
NC(Cc1cc(I)c(Oc2ccc(O)c(I)c2)c(I)c1)C(=O)O,0
NC(Cc1ccc(N(CCCl)CCCl)cc1)C(=O)O,1
NC(Cc1ccccc1)C(=O)O,1
NC(N)=S,1
NC(O)=NO,1
NC1C2CN(c3nc4c(cc3F)c(=O)c(C(=O)O)cn4-c3ccc(F)cc3F)CC12,1
NC1CCCCC1,1
NCC1CCC(N)C(OC2C(N)CC(N)C(OC3OC(CO)C(O)C(N)C3O)C2O)O1,1
NCC1OC(OC2C(N)CC(N)C(OC3OC(CO)C(O)C(N)C3O)C2O)C(O)C(O)C1O,1
NCCC(O)C(=O)NC1CC(N)C(OC2OC(CN)C(O)C(O)C2O)C(O)C1OC1OC(CO)C(O)C(N)C1O,1
NCCCCC(NC(CCc1ccccc1)C(=O)O)C(=O)N1CCCC1C(=O)O,1
NCCc1c[nH]c2ccc(O)cc12,1
NCCc1ccc(O)c(O)c1,1
NCCc1ccccc1,1
NNC(N)=O,1
NNC(N)=S,1
NS(=O)(=O)c1cc(C(=O)O)c(NCc2ccco2)cc1Cl,1
NS(=O)(=O)c1cc(Cl)c(Cl)c(S(N)(=O)=O)c1,1
NS(=O)(=O)c1cc2c(cc1Cl)NCNS2(=O)=O,1
Nc1c(N=Nc2ccc(-c3ccc(N=Nc4cc(S(=O)(=O)O)c5ccccc5c4N)cc3)cc2)cc(S(=O)(=O)O)c2ccccc12,1
Nc1c2ccccc2nc2ccccc12,0
Nc1cc(S(=O)(=O)O)cc2cc(S(=O)(=O)O)c(N=Nc3ccc(-c4ccc(N=Nc5c(S(=O)(=O)O)cc6cc(S(=O)(=O)O)cc(N)c6c5O)c(Cl)c4)cc3Cl)c(O)c12,1
Nc1cc(S(=O)(=O)O)cc2cc(S(=O)(=O)O)c(N=Nc3ccc(-c4ccc(N=Nc5c(S(=O)(=O)O)cc6cc(S(=O)(=O)O)cc(N)c6c5O)cc4)cc3)c(O)c12,1
Nc1ccc(N=Nc2ccc(-c3ccc(N=Nc4c(S(=O)(=O)O)cc5cc(S(=O)(=O)O)c(N=Nc6ccccc6)c(O)c5c4N)cc3)cc2)c(N)c1,1
Nc1ccc(N=Nc2ccccc2)c(N)n1,0
Nc1ccc(S(=O)(=O)Nc2ncccn2)cc1,1
Nc1ccc(S(N)(=O)=O)cc1,0
Nc1cccc2c1C(=O)N(C1CCC(=O)NC1=O)C2=O,1
Nc1cccc2c1CN(C1CCC(=O)NC1=O)C2=O,1
Nc1ccn(C2CCC(CO)O2)c(=O)n1,1
Nc1ccn(C2OC(CO)C(O)C2O)c(=O)n1,1
Nc1nc(=O)c2[nH]cnc2[nH]1,1
Nc1nc(=O)c2[nH]nnc2[nH]1,1
Nc1nc(=O)c2nc(CNc3ccc(C(=O)NC(CCC(=O)O)C(=O)O)cc3)cnc2[nH]1,0
Nc1nc(=O)n(C2CC(O)C(CO)O2)cc1Br,1
Nc1nc(=O)n(C2CC(O)C(CO)O2)cc1F,1
Nc1nc(=S)c2[nH]cnc2[nH]1,1
Nc1nc(N)c2nc(CNc3ccc(C(=O)NC(CCC(=O)O)C(=O)O)cc3)cnc2n1,1
Nc1nc[nH]n1,1
Nc1ncc(Oc2ccc(Cl)cc2)c(N)n1,0
Nc1ncn(C2CC(O)C(CO)O2)c(=O)n1,1
Nc1ncnc2[nH]cnc12,1
Nc1ncnc2c1ncn2C1CC(O)C(CO)O1,1
O=C(C(Cl)Cl)C(Cl)Cl,1
O=C(C(F)(F)F)C(F)(F)F,1
O=C(NC1C=CCCC1)NS(=O)(=O)c1ccc(Cl)cc1,1
O=C(O)C(Br)Br,1
O=C(O)C(Cl)(Cl)Br,1
O=C(O)C(Cl)(Cl)Cl,1
O=C(O)C(Cl)Br,1
O=C(O)C(Cl)Cl,1
O=C(O)C(O)C(O)C(O)C(O)CO,0
O=C(O)C(S)C(S)C(=O)O,1
O=C(O)CC(O)(CC(=O)O)C(=O)O,0
O=C(O)CCCN1C(=O)c2ccccc2C1=O,1
O=C(O)CCCc1ccc(N(CCCl)CCCl)cc1,1
O=C(O)CCc1nc(-c2ccccc2)c(-c2ccccc2)o1,1
O=C(O)CCl,1
O=C(O)CN(CCN(CC(=O)O)CC(=O)O)CC(=O)O,1
O=C(O)CN1C(=O)c2ccccc2C1=O,1
O=C(O)CO,1
O=C(O)COc1ccc(Cl)cc1Cl,1
O=C(O)Cc1ccccc1Nc1c(Cl)cccc1Cl,1
O=C(O)c1cc(=O)c2cc(OCC(O)COc3cccc4oc(C(=O)O)cc(=O)c34)ccc2o1,0
O=C(O)c1cc(N=Nc2ccc(S(=O)(=O)Nc3ccccn3)cc2)ccc1O,1
O=C(O)c1ccc(CCN2CCN(CC=Cc3ccc(Cl)cc3)CC2)cc1,1
O=C(O)c1cccnc1,0
O=C(O)c1cn(C2CC2)c2cc(N3CCNCC3)c(F)cc2c1=O,1
O=C1C2(Cl)C3(Cl)C4(Cl)C(Cl)(Cl)C5(Cl)C3(Cl)C1(Cl)C5(Cl)C24Cl,1
O=C1CC(N2Cc3ccccc3C2=O)CC(=O)N1,0
O=C1CCC(N2C(=O)c3cccc([N+](=O)[O-])c3C2=O)C(=O)N1,1
O=C1CCC(N2C(=O)c3ccccc3C2=O)C(=O)N1,1
O=C1CCC(N2C(=O)c3ccccc3C2=O)C(=O)O1,0
O=C1CCC(N2C(=O)c3ccccc3S2(=O)=O)C(=O)N1,0
O=C1CCC(N2Cc3ccccc3C2=O)C(=O)N1,1
O=C1CCC(n2c(O)c3c(c2O)CCCC3)C(=O)N1,0
O=C1CCC(n2c(O)ccc2O)C(=O)N1,0
O=C1CN=C(c2ccccc2Cl)c2cc([N+](=O)[O-])ccc2N1,1
O=C1N=C(c2ccccc2Cl)c2cc(Cl)ccc2NC1O,1
O=C1NC(=O)C(c2ccccc2)(c2ccc(O)cc2)N1,0
O=C1NC(=O)C(c2ccccc2)(c2ccccc2)N1,1
O=C1NC(=O)c2ccccc21,1
O=C1NCCCC1N1C(=O)c2ccccc2S1(=O)=O,0
O=C1NCCCC1N1Cc2ccccc2C1=O,1
O=C1c2ccccc2C(=O)C1C(=O)C(c1ccccc1)c1ccccc1,1
O=C1c2ccccc2C(=O)C1c1ccccc1,1
O=C1c2ccccc2C(=O)N1N1C(=O)c2ccccc2C1=O,0
O=C1c2ccccc2C(=O)N1c1ccccc1,1
O=C1c2ccccc2C(=O)N1c1cccnc1,0
O=NN1CCNC1=S,1
O=P(O)(O)C(Cl)(Cl)P(=O)(O)O,1
O=P1(N(CCCl)CCCl)NCCCO1,1
O=P1(NCCCl)OCCCN1CCCl,1
O=S(=O)(F)C(F)(F)C(F)(F)C(F)(F)C(F)(F)C(F)(F)C(F)(F)C(F)(F)C(F)(F)F,1
O=S(=O)(O)C(F)(F)C(F)(F)C(F)(F)C(F)(F)C(F)(F)C(F)(F)C(F)(F)C(F)(F)F,1
O=S(=O)(O)CC(S)CS,0
O=S1OCC2C(CO1)C1(Cl)C(Cl)=C(Cl)C2(Cl)C1(Cl)Cl,1
O=[N+]([O-])c1ccc(Oc2c(Cl)cc(Cl)cc2Cl)cc1,0
O=[N+]([O-])c1ccc(Oc2c(Cl)cccc2Cl)cc1,1
O=[N+]([O-])c1ccc(Oc2cc(Cl)c(Cl)cc2Cl)cc1,1
O=[N+]([O-])c1ccc(Oc2cc(Cl)cc(Cl)c2)cc1,1
O=[N+]([O-])c1ccc(Oc2cc(Cl)ccc2Cl)cc1,1
O=[N+]([O-])c1ccc(Oc2ccc(Br)cc2Br)cc1,1
O=[N+]([O-])c1ccc(Oc2ccc(Cl)c(Cl)c2)cc1,1
O=[N+]([O-])c1ccc(Oc2ccc(Cl)c(Cl)c2Cl)cc1,1
O=[N+]([O-])c1ccc(Oc2ccc(Cl)cc2)cc1,1
O=[N+]([O-])c1ccc(Oc2ccc(Cl)cc2Cl)cc1,1
O=[N+]([O-])c1ccc(Oc2ccc(F)cc2F)cc1,1
O=[N+]([O-])c1ccc(Oc2ccc([N+](=O)[O-])cc2-c2c(Cl)ccc(Cl)c2Cl)c(-c2c(Cl)ccc(Cl)c2Cl)c1,1
O=[N+]([O-])c1ccc(Oc2ccc([N+](=O)[O-])cc2-c2cc(Cl)cc(Cl)c2Cl)c(-c2cc(Cl)cc(Cl)c2Cl)c1,1
O=[N+]([O-])c1ccc(Oc2ccc([N+](=O)[O-])cc2-c2cccc(Cl)c2Cl)c(-c2cccc(Cl)c2Cl)c1,1
O=c1[nH]c(=O)n(C2CC(O)C(CO)O2)cc1Br,1
O=c1[nH]c(=O)n(C2CC(O)C(CO)O2)cc1Cl,1
O=c1[nH]c(=O)n(C2CC(O)C(CO)O2)cc1F,1
O=c1[nH]c(=O)n(C2CC(O)C(CO)O2)cc1I,1
O=c1[nH]c(O)cn1N=Cc1ccc([N+](=O)[O-])o1,0
O=c1[nH]cc(F)c(=O)[nH]1,1
O=c1[nH]cc(O)[nH]1,1
O=c1c(Cc2c(O)oc3ccccc3c2=O)c(O)oc2ccccc12,1
O=c1ccc2ccccc2o1,1
OC(Cn1cncn1)(Cn1cncn1)c1ccc(F)cc1F,1
OCC(Br)CBr,1
OCC(O)c1oc(O)c(O)c1O,0
OCC(S)CS,1
OCC1CO1,1
OCCCCO,1
OCCN1CCN(CCCN2c3ccccc3C=Cc3ccccc32)CC1,1
OCCOCCO,1
OCc1c[nH]c2ccccc12,1
Oc1cccc(O)c1,0
S=C1NCCN1,1
S=C=S,1
S=P(N1CC1)(N1CC1)N1CC1,1
S=c1[nH]cnc2[nH]cnc12,1
[O-][n+]1nc(-n2ccnc2)nc2ccc(Cl)cc21,1
c1ccc(C(c2ccccc2)N2CCNCC2)cc1,1
c1ccc(C2(N3CCCCC3)CCCCC2)cc1,1
c1ccc2[nH]c(-c3cscn3)nc2c1,1
c1ccc2c(c1)cc1ccc3cccc4ccc2c1c34,1
c1cncc(C2=NCCCC2)c1,1
c1cncc(C2CCCCN2)c1,1
c1nc[nH]n1,1
